titel,kuenstler,labelcode
in awe of science,lewis ray cole,95472
shake and wake main,stone,89389
puzzled lite,cooper king,89389
sharing lives,roger john webb,6822
she walked,evan josef beigel_alex james troup,6822
you always stay a,andrew peter kingslow_magdalena pring_david charles troke,30242
when your love is strong b,james milne walsh_greg hatwell,30242
on the edge a,stuart andrew roslyn_matthew james foundling,30242
scars a,matt black_christian j o lundberg,2061
cast away b,benjamin peter mcavoy_kamal david kamruddin,2061
without you b,laura rossi,2061
im feeling stronger b,nicholas george rice_mogen clare harfleet,2061
never again a, david gerard lawrence_benjamin w walker,8048
subtlety a,devin powers_shawn michael rorie,48897
can b,david john vanacore_mikolai wojciech stroinski,48897
shy f,dario forzato_kilian segrelles_alos kristen lee agee,48897
bumps in the night a,jeffrey e cardoni,48897
back home,geoffroy benjamin berlioz_sarah zeppilli,86439
never hurt so good,andy powell_linda cathrine roan_dominic marsh,48896
weightless,linda cathrine roan_andy powell_dominic marsh,48896
elevate,sacha james collisson_dominic marsh,48896
believer,lee nathaniel hing-coa_dotinc gabriella chloe feldman,48896
rich with love a,"richard mead_
adriana stone",97464
stay in my heart a,sophia simoes da silva,19921
stay in my heart b,sophia simoes da silva,19921
every time you touch me a,"anthony michael bruno_
jessica lynn hudak_
skip armstrong",30338
every time you touch me b,"anthony michael bruno_
jessica lynn hudak_
skip armstrong",30338
emotional story a,barnaby allan taylor,30338
curious stuff,lawrence james,30247
our dreams,paul lawler,30247
bluesey day,"pablo luis cebrian valera_
raul jose osuna cozar",25376
when your love is strong b,"james milne walsh_
greg hatwell",30242
tell me you love me a,"james milne walsh_
greg hatwell",30242
tell me you love me b,"james milne walsh_
greg hatwell",30242
on my mind a,"jonathan gerald kelly_
michaela charvatova_
millicent joanna weaver_
max jonathan cleary_
trina smith",30242
on the edge a,"stuart andrew roslyn_
matthew james foundling",30242
maybe fingers,"daniel jacob teper_
adele roberts",29630
friendship b,"lorne david_
roderick balfe",2061
scars a,matt black_christian j o lundberg,2061
cast away b,"benjamin peter mcavoy_
kamal david kamruddin",2061
restraint a,"andrew michael ernest_
nicholas jonathan hill",2061
distant hallucination a,"alex golding_
richard oliphant",2061
one more night a,nathalie mac,2061
dawn of reality a,stuart martyn miller,2061
unfolding wonder a,joshua benjamin pacey,2061
with me b,"thomas jack robson_
alexandra diane armstrong",2061
ill be with you c,angus thomas nicholson,2061
in this together a,"brad parsons_
maygen rhea lacey_
simon michael johnson_
buckingham c snow_
taylor",91928
now a,"andrew ian murray_
brad parsons_
taylor_
buck snow_
mia camilla williams-watson",91928
daredevil,"lucy ann catherine kinsella_
taylor_
jonathan james cassidy",91928
we bend a,"dirk steinberg_
jj jones_
skip armstrong",8048
we bend b,"dirk steinberg_
jj jones_
skip armstrong",8048
where do we go (a),"harlin james_
justin robert canton_
francesca richard",8048
to be b,"david john vanacore_
kenneth douglas berry",48897
big a,bradley andrew segal,48897
troubled a,"matt david koskenmaki_
david john vanacore",48897
cross b,"david john vanacore_
kenneth douglas berry",48897
feels c,"david john vanacore_
craig alan owens",48897
eye of the storm a,david hodson lowe,48897
not very sure,francisco becker,12539
anywhere,"jean-archibald arnaud marie denis_
arnaud jean fernand pujol_
eric john najar",26413
barely any piano piano only,thomas louis james white,47562
no mans land,nick harvey,51699
big hit 3,"thomas richard_
peter howe_
jonathan monroe",51699
give it away,"katherine mary hamilton_
alexandra futterer_
christopher norton ayer",85218
let it all out,"beatrice laureen stewart_
paul cleveland",85218
wind blissed,paul cleveland,85218
fragile memories,giovanni tria,29629
apologies,matthew beattie,51617
break up b,"lord ladyshakes_
michael panayiotis georgiades",35188
revealing secrets c,david mark wademan,35188
hope in darkness a,joseph alexander,35188
light movement b,simon charles porter,35188
youthful dreams a,"david gerard lawrence_
harriet esther whitehead",35188
tongue-tied a,"kevan gallagher_
daisy elspeth phoebe chute",35188
love song b,paul edward wilkes,35188
fiendish foe b,"stephen christopher tait_
thomas richard peter howe",35188
playful antics e,"stephen christopher tait_
thomas richard peter howe",35188
newborn a,jessica jones,35188
darker times a,paul edward wilkes,35188
simmering tension a,james william timothy warburton,35188
needing space a,paul edward wilkes,35188
gentle piano c,"alex thomas_
esco rivers",35188
hidden lies a,"lukas obernosterer_
skip armstrong",35188
transfixed a,"johnny tsunami_
skip armstrong",35188
kill with kindness a,"rena herissonne_
skip armstrong",35188
all possibilities,esco rivers,35188
slam hit 2 a,"william kensington_
luc johansson",95633
we are a,"thomas kenneth varrall_
rachel clark",30242
oblivion a,"james milne walsh_
greg hatwell",30242
on the edge a,"stuart andrew roslyn_
matthew james foundling",30242
dont pick me up a,robert w vincent_heather d grody,2061
mystic mosaic b,christopher james healings_michael samuel truman_charlotte james,2061
thanks to you b,bradley roy parsons_howard john pearse_katie skilling,2061
bamapana drone a,david graham hewson,2061
scars a,matt black christian_j o lundberg,2061
hooked on a summer day a,harlin james paul lewis,2061
intrepid c,michael panayiotis georgiades,2061
sunset at the river a,neill laurence solomon_mauritz cecil lotz,2061
angels lullaby a,stuart andrew roslyn_timothy paul goodacre_monica gomila,8048
truthful a,matt david koskenmaki_david john vanacore,48897
footprints a,bradley andrew segal_dorian charnis,48897
clocks of destiny,michael werner maas,12539
faith,michael werner maas,12539
deliberating,vincent carlo,12539
better together,olivier bibeau,12539
no hope,steve buick,47562
board meeting,jordan kareem rees,47562
tombstone junction a,joseph jamison hollister_dusty trales,99342
fickle beast underscore,francis haries,85218
going in,tom howe_stephen christopher tait,51699
fee fi fo fum,jessica charlotte dannheisser,51699
well done,jessica charlotte dannheisser,51699
rising sun,francis p harries,85218
morning dew,paul cleveland,85218
bird song,paul cleveland,85218
morning dew,paul cleveland,85218
outwit,tom howe,35188
go it alone a,stacey ruttledge_louise bernadette dowd,35188
ends of the earth a,james milne walsh,35188
mischievous monarch a,tom howe_stephen christopher tait,35188
head in the clouds a,miguel simoes_joshua william roscoe herring,35188
harrumph a,thomas richard peter howe_stephen christopher tait,35188
cautious approach a,nick harvey,35188
early memories b,jessica jones,35188
rising danger a,"esco rivers_
alex thomas",35188
positive moments a,"esco rivers_
alex thomas",35188
slow decline a,paul edward wilkes,35188
fate a,paul edward wilkes,35188
conceal the deal a,"kooka munga_
purple kitty_
skip armstrong",35188
nobody else full mix,richard michael pilkington,30337
i am not enough,√°ngel luis samos luna,25376
peaceful journey,hal lindes,30242
long way home,hal lindes,30242
get you on my own a,angus thomas nicholson,30242
on the edge a,"stuart andrew roslyn_
matthew james foundling",30242
special moment a,max mayers,29630
scars a,matt black_christian j o lundberg,2061
watch me burn a,"lewis henry amoroso_
ivana lukic",2061
long night,george stuart dewhurst,2061
waiting for the big bang,"ollie friend_
freya felicitas volk",2061
tearing down walls a,"louise bernadette dowd_
elizabeth mary riordan",8048
light in the dark a,"ivana lukic_
lewis henry amoroso",8048
roamer a,"david john vanacore_
john p nooney",48897
trees of purple g,"doug r bossi_
shawn michael rorie",48897
no joy a,"doug r bossi_
justin henry knowell",48897
watch from afar a,"rhian talisein sheehan_
karl solve steven",48897
david song,"nicolas boscovic_
david alphonse pierre krutten",12539
skip hop roll song,ashley thomas clark,86439
time slow it down,"elizabeth mary riordan_
craig hayden beck",96705
pure unstoppable,"peter peters_
dominic marsh
",48869
big hit 3,"thomas richard_
peter howe_
jonathan monroe",48896
go till the end sting,"ian waterman_
irgasm_
skip armstrong",35188
wind blissed,paul cleveland,85218
starting to grow,pawel gorniak,84957
life resolved,matthew beattie,51617
dreams 30,"ian paul livingstone_
stephen james root",35188
love like this a,"stacey ruttledge_
jay cicero",35188
what we had a,"harlin james_
dale ditchfield",35188
what we had b,"harlin james_
dale ditchfield",35188
reminisce d,"david john vanacore_
james wesley stemple",35188
inspire d,"david john vanacore_
ehren ebbage",35188
break up b,"lord ladyshakes_
michael panayiotis georgiades",35188
courtly curiosity a,"tom howe_
stephen christopher tait",35188
dont know you well a,"david gerard lawrence_
marie louise oconner",35188
sorrow times a,paul edward wilkes,35188
talk a good talk sting,nick harvey,35188
pieces a,juan carlos gutierrez,35188
impish incidents c,"stephen christopher tait_
thomas richard peter howe",35188
plodding along b,"stephen christopher tait_
thomas richard peter howe",35188
speak up a,andy powell,35188
broken promises a,esco rivers,35188
no hope left b,paul edward wilkes,35188
special bond,nick harvey,35188
into the dark a,"helmer ivarsson_
skip armstrong",35188
regretful d,"alex thomas_
esco rivers",35188
transfixed a,"johnny tsunami_
skip armstrong",35188
age of concern a,alexander john randall parsons,35188
lurking in the shadows,esco rivers,35188
running all the stop lights,"robbie rider_
katrina stone_
benj heard_
jay denton",35188
on cloud nine,"robert warren_
skip armstrong",35188
cymbal,"eric allen_
frank reidy",30247
in the air ft_ gioia a,"phil valley_
stewart jonathon tuttle_
taylor stephanie marie staton",98435
one to one,hal lindes,30242
on the edge a,"stuart andrew roslyn_
matthew james foundling",48897
hop skip and a jump a,stephen dean,52972
lift up your eyes,sheridan paul tongue,2061
the vision a,sheridan paul tongue,2061
the storys end,sheridan paul tongue,2061
electric tenderness,"jan juzef cyrka_
james roger graydon",2061
scars a,"matt black_
christian j o lundberg",2061
hearts entwined a 30,tony clarke,2061
another fade a,jon anthony boorman,2061
ill be with you b,angus thomas nicholson,2061
lumen,richard edward skelton,2061
darkness beach a,daniel james nolan,48897
forgot a,"david john vanacore_
john p nooney",48897
walk a,"david john vanacore_
kenneth douglas berry",48897
rush to the head 5,"dario forzato_
nancy louise lee",48897
morning glow,nicolas boscovic,12539
clocks of destiny,michael werner maas,12539
deliberating,vincent carlo,12539
on tip toes no percussion loop,jordan kareem rees,47562
take me to the stars,david stephen westlake,51699
fee fi fo fum,jessica charlotte dannheisser,51699
wind blissed,paul cleveland,85218
morning dew,paul cleveland,85218
coast to coast,richard adam keyworth,51617
a new spring,edmund swithin savigear jolliffe,35188
love like this a,"stacey ruttledge_
jay cicero",35188
out at sea a,"stephen james root_
ian paul livingstone",35188
ends of the earth a,james milne walsh,35188
danger drone a,james william timothy warburton,35188
fallen shadows a,paul edward wilkes,35188
hearing voices a,stephen matthew porter,35188
early memories b,jessica jones,35188
body is your bible b,"jemma louise healey-lane_
william james paterson",35188
what could have been a,paul edward wilkes,35188
positive moments a,"esco rivers_
alex thomas",35188
fate a,paul edward wilkes,35188
hidden menace b,alexander john randall parsons,35188
age of concern a,alexander john randall parsons,35188
on a roll,"sacha james collisson_
adam james lopez martin",35188
near light,"ho ling tang_
skip armstrong",35188
the struggle,esco rivers,35188
the dark,"nicholas michael hill_
glenn herweijer_
ben sumner_
tessa rose jackson",35188
bargaining chip,"joaquin lichtle_
bruce fingers_
billie ray fingers",1732
uncertain outcome a,"julian nicholas hamlin_
edmund swithin savigear jolliffe",35188
my music box,martin nicholas gratton,51617
largo from the new world symphony,"antonin dvorak_
robert alexander white",30242
tell me you love me b,"james milne walsh_
greg hatwell",30242
if love is you a,"greg hatwell_
adele roberts",30242
on the edge a,"stuart andrew roslyn_
matthew james foundling",30242
comfort a,"wayne anthony murray_
timothy elliott larcombe_
lana mcdonagh",29630
nothing stands in our way a,"wayne anthony murray_
timothy elliott larcombe_
lana mcdonagh",29630
keep on moving a,"wayne anthony murray_
timothy elliott larcombe_
lana mcdonagh",29630
scars a,"matt black_
christian j o lundberg",2061
i wanna kiss you again,"cristi vaughan_
steven m_stern_
matthew todd naylor",77784
closer a,"andrew ian murray_
brad parsons_
taylor_
buck snow_
rasmus viberg_
edward-nathanael pop",91928
invincible b,"taylor_
brad parsons_
rebecca dorothy may lewis_
lewis mia camilla williams-watson_
carl richard ii bahner",91928
everything i want to be b,"nicholas michael hill_
nuala emily susan bennett-wilford_
glenn herweijer_
ben sumner",8048
dont build walls a,claire leona batchelor,8048
wasted mind,allison rose piccioni,84882
only heaven knows,"mike reed_
thomas richard peter howe",85218
apologies,matthew beattie,51617
the last time a,"stephen james root_
ian paul livingstone",35188
endeavour a,"david john vanacore_
ehren ebbage",35188
fulfilling a,"david john vanacore_
ehren ebbage",35188
in the past b,"david john vanacore_
ehren ebbage",35188
broken hearts a,paul edward wilkes,35188
proud of you b,paul edward wilkes,35188
lightless a,brian quid,35188
pivotal moment a,brian quid,35188
hearing voices a,stephen matthew porter,35188
newborn a,jessica jones,35188
fading away a,"ian paul livingstone_
stephen james root",35188
forgotten souls a,paul edward wilkes,35188
just a memory a,esco rivers,35188
special bond,nick harvey,35188
hopeful scenes a,"alex thomas_
esco rivers",35188
doubt a,"thimble hink_
skip armstrong",35188
checking the competition a,"julian nicholas hamlin_
edmund swithin savigear jolliffe",35188
sometimes love,"nicholas george rice_
imogen clare harfleet",35188
lovely day full mix,"yul julius desai_
kevin roy kerrigan",52712
kickin around a,"thomas richard peter howe_
stephen christopher tait",30338
stealth mission a,george hollingdrake,30338
suspicious information 2,"terry keating_
warren slye",30250
time to think,timothy roland whitelaw,30250
everlasting,troy anil banarzi,30250
heavy hitter,doug brandt,50829
when your love is strong b,"james milne walsh_
greg hatwell",30242
lonely fields a,george stephenson,30242
do not leave me now a,"rules_
adele roberts",30242
over and over a,"jennifer june_
james george_
adele roberts",30242
call on me a,"robert james earley_
trina smith",30242
life before you,"knightstown_
thomas aston",30242
on the edge a,"stuart andrew roslyn_
matthew james foundling",30242
fear of failure b,"nino morro_
nick johnson",30242
love wins,"thomas richard peter howe_
stephen christopher tait",29630
my journey ends a,"james michael dooley_
matthew margeson",2061
precious time a,james michael dooley,2061
boardroom a,sheridan paul tongue,2061
scars a,"matt black_
christian j o lundberg",2061
say that you love me a,rex paul schnelle,2061
inventive a,dru masters,2061
on summer nights a,"andy powell_
linda cathrine roan",2061
terminal phase a,"martin tillmann_
tom vedvik",2061
a curious dilemma a,danny saul,2061
the first time a,"shelley ann harland-wright_
james william alexander harland-wright_
taylor_
ian michael dowling",91928
silver a,"nicholas michael hill_
glenn herweijer_
ben sumner",8048
tearing down walls a,"louise bernadette dowd_
elizabeth mary riordan",8048
beginning of the end a,"wayne anthony murray_
timothy elliott larcombe",8048
when i look at the light,elijah walker north jones,84882
best kept quiet a,"rhian talisein sheehan_
karl solve steven",48897
watch from afar a,"rhian talisein sheehan_
karl solve steven",48897
perilous hazards,"rhian talisein sheehan_
karl solve steven",48897
desperate measures,cosme g liccardo,50829
fractured,"john hedges ross_
zoe bestel",48896
believer,"lee nathaniel hing-coa_
dotinc_
gabriella chloe feldman",48896
ready for this,"dominique gilbert_
emma victoria connor_
richard martin faulder",48896
in the bleak mid winter score,"thomas richard peter howe_
david jones",85218
afar a,richard john wilkinson,29629
lost innocence,tristan lewis noon,51617
outwit,tom howe,35188
body language a,"steven bashir_
wassily gradovsky",35188
whimsical pranks f,"stephen christopher tait_
thomas richard peter howe",35188
playful antics b,"stephen christopher tait_
thomas richard peter howe",35188
playful antics e,"stephen christopher tait_
thomas richard peter howe",35188
hearing voices a,stephen matthew porter,35188
feelings change a,"esco rivers_
alex thomas",35188
slow decline a,paul edward wilkes,35188
urgency a,"alex thomas_
esco rivers",35188
killed our love,"lana mcdonagh_
toby christopher horton",35188
all i know so far,"benj pasek_
justin noble paul_
alecia b moore",30596
 in my dreams a,tiana sophia jade dennis,19921
fomo instrumental,alyssa baillie bonagura,51049
on the edge a,"stuart andrew roslyn_
matthew james foundling",48897
break my fall b instrumental,"altidore_
chance",52972
be one a,"greg hatwell_
marc lane",2061
scars a,"matt black_
christian j o lundberg",2061
all of you a,"jason tarver_
louise bernadette dowd",2061
automatic love a,"richard mark salmon_
phoebe faye_
matthew ben thackeray",2061
everything i want to be a,"nicholas michael hill_
nuala emily susan bennett-wilford_
glenn herweijer_
ben sumner",8048
tearing down walls c alternative version,"louise bernadette dowd_
elizabeth mary riordan",8048
truthful a,"matt david koskenmaki_
david john vanacore",48897
come a,"ehren ebbage_
david john vanacore",48897
under it all a,"doug r bossi_
armand von glock",48897
one night,"jennifer gerette jordan_
julien jean glabs",26413
take me to the stars,david stephen westlake,48896
give it away,"katherine mary hamilton_
alexandra futterer_
christopher norton ayer",85218
hard to say goodbye,"april adams_
paul cleveland",85218
alone,giovanni tria,29629
sweet moment a,jon alexander,35188
sentiment a,"david john vanacore_
james wesley stemple",35188
in the past b,"david john vanacore_
ehren ebbage",35188
bittersweet b,"david john vanacore_
kenneth douglas berry",35188
where the love is a,"james bryan mccollum_
carys louise williams selvey",35188
break up b,"lord ladyshakes_
michael panayiotis georgiades",35188
time of need b,"philip guyler_
johnny griggs",35188
coming home c,simon leslie brown,35188
crystal glow b,joseph alexander,35188
proud of you b,paul edward wilkes,35188
love song b,paul edward wilkes,35188
worn with it b,paul edward wilkes,35188
playful antics e,"stephen christopher tait_
thomas richard peter howe",35188
another love c,"edward patrick hogston_
oliver barclay",35188
nevertheless a,paul edward wilkes,35188
remembering a,nick harvey,35188
waiting in dreams a,paul edward wilkes,35188
me and my anxiety c,"nicolas larsson_
dei",35188
special bond,nick harvey,35188
reaching for the truth f,"saul okayman_
skip armstrong",35188
hidden menace b,alexander john randall parsons,35188
nobody else (full mix),richard michael pilkington,30337
long road a,matthew brian bento_matthew david goodman,30242
all the fires a,jamie norton,30242
the watchmaker a,"nicholas jonathan hill_
andrew michael ernest",30242
on the edge a,"stuart andrew roslyn_
matthew james foundling",30242
breathless suspense a,christopher timothy willis,2061
scars a,"matt black_
christian j o lundberg",2061
nostalgia and hope a,michael price,2061
fall out of this love,"peter ian jones_
marcus lee",2061
the choice you choose,"randy coleman_
matthew todd naylor_
steven m_stern",77784
lifeline (a explicit),"lewis henry amoroso_
sam alexander temple",8048
optical illusion (1),ray russell,30526
wasted mind,allison rose piccioni,84882
subtlety a,"devin powers_
shawn michael rorie",48897
lifebook a,"dario forzato_
kristen lee agee",48897
happier now a,"david john vanacore_
kenneth douglas berry",48897
watch from afar a,"rhian talisein sheehan_
karl solve steven",48897
tantrism a,"rhian talisein sheehan_
karl solve steven",48897
whale deep a,"rhian talisein sheehan_
karl solve steven",48897
wont you let me know,"tom hillock_
jennifer gerette jordan",26413
feels like home,olivier bibeau,26413
time slow it down,"elizabeth mary riordan_
craig hayden beck",96706
what are you afraid of, devyn rush_jeremy lappitt_daniel james mcmains_ carnie hall,96706
elevate,sacha james collisson_dominic marsh,48896
sad but true,pacifica music,85054
sister,francis p harries,85218
in the distance a,stephen james root_ian paul livingstone,35188
in the past b,david john vanacore_ehren ebbage,35188
danger drone a,james william timothy warburton,35188
dont know you well b,david gerard lawrence marie louise oconner,35188
hurry back home b,paul edward wilkes,35188
tardy tubby d,stephen christopher tait_thomas richard peter howe,35188
change of heart a 60,paul edward wilkes,35188
still here b,edward patrick hogston_oliver barclay,35188
in the debris a,stephen matthew porter_peter ian jones,35188
twilight falls a,thomas richard peter howe_stephen christopher tait,35188
reflections a,paul edward wilkes,35188
simmering tension a,james william timothy warburton,35188
waiting in dreams a,paul edward wilkes,35188
no hope left a,paul edward wilkes,35188
there is hope a,nick harvey,35188
special bond,nick harvey,35188
feelings change a,esco rivers_alex thomas,35188
fate a,paul edward wilkes,35188
drawn out,alexander john randall parsons,35188
lost family a,alexander john randall parsons,35188
god rest ye merry gentlemen - reflective d,philip james jewson_paul cartledge,35188
precariously balanced,nick harvey,35188
in the air ft_ gioia a,phil valley_stewart jonathon tuttle_taylor stephanie marie staton,98435
slow wind ft shetara c,chris n color,98435
take a chance a,john michael valentino_colleen marie dagostino moreaux ,91544
on the edge a,stuart andrew roslyn_matthew james foundling,30242
hop skip and a jump a,stephen dean,30242
lift up your eyes,sheridan paul tongue,2061
above the clouds a,tony clarke,2061
electric tenderness,jan juzef cyrka_james roger graydon,2061
scars a,matt black_christian j o lundberg,2061
cloudburst a,jonathan brade buchanan_james copperthwaite,2061
a distant memory b,daniel stephen lozinski,2061
gone missing a,james allen roberson,2061
difficult progress a,andrew michael ernest_nicholas jonathan hill,2061
watch me burn a,lewis henry amoroso_ivana lukic,2061
automatic love a,richard mark salmon_phoebe faye_matthew ben thackeray,2061
lumen,richard edward skelton,52738
forget you are gone b,andrew morris,8048
somewhere a,ignacio simon sanchez_maria del recuerdo_garcia-lomas hergueta,8048
lonely a,nathalie mac,8048
who i am a,matthew james,8048
lonely b,nathalie mac,8048
secretive nature a,bradley andrew segal_bong h_jung chang wooi kang,48897
baked a,doug r bossi_tony phillips,48897
fire from earth,julien christophe mario cavard_ raphael hariz georges nauleau,86439
loving feelings,nicolas boscovic_ryan egan,86439
life chimes,jon anthony boorman,47562
fire under my feet,jason stuart bowld_jamie mathias,48896
little star a,lotte mullan_timothy max gerard goalen,35188
wander by me c,matthew james kelly_dominic mark kelly,35188
investigation b,stephen james root_ian paul livingstone,35188
fresh start a,stephen james root_ian paul livingstone,35188
disconsolate a,lord ladyshakes_michael panayiotis georgiades,35188
danger drone a,james william timothy warburton,35188
another time c,paul edward wilkes,35188
home from home a,alex wilson,35188
me and my anxiety b,nicolas larsson dei,35188
what could have been a,paul edward wilkes,35188
regretful d,alex thomas esco rivers,35188
transfixed a,johnny tsunami_skip armstrong,35188
clumsy dumpty,piccolo callean_skip armstrong,35188
la luna,han sakari_skip armstrong,35188
on the edge a ,stuart andrew roslyn_matthew james foundling,30242
dragonfly ball a ,cyrus shahrad,29630
scars a,matt black_christian j o lundberg,2061
moved by membranes,emre ramazanoglu_martin perry france,35151
rescue,jonathan josue monroy_matthew scott francis schwanke,77784
closer a, andrew ian murray_brad parsons taylor_buck snow rasmus_viberg edward-nathanael,91928
closer b, andrew ian murray_brad parsons taylor_buck snow rasmus_viberg edward-nathanael,91928
i want you all,sebastien lefebvre,84882
face the music a,daniel james nolan,48897
restored grace a,rhian talisein sheehan_karl solve steven,48897
remorse ends a,rhian talisein sheehan_karl solve steven,48897
restored grace d,rhian talisein sheehan_karl solve steven,48897
run away48896,benjamin ross collier_natalie elizabeth hamson_charlotte lucy hamson,48896
take me to the stars,david stephen westlake,48896
mad on motor racing,nicholas john harvey,48896
the storm,josef haraldsson,51617
only heaven,ian paul livingstone_stephen james root,35188
wait for me a,jacob jenson,35188
go it alone a,stacey ruttledge_louise bernadette dowd,35188
revealing secrets c,david mark wademan,35188
breakable a,paul edward wilkes,35188
river b,edward patrick hogston_oliver barclay,35188
another time c,paul edward wilkes,35188
rebuilding a,paul edward wilkes,35188
bittersweet memories b,nick harvey,35188
always hopeful,nick harvey,35188
things will be ok a,jasmine denise calalang santos_billie ray fingers_bruce fingers,35188
uncover a,nick harvey,35188
epic moments a,esco rivers_alex thomas,35188
calling,edmund swithin_savigear jolliffe,35188
tense situations,edmund jolliffe_julian nicholas hamlin,35188
bad dream,darrien darnell scott_wakeel thomas,97060
end of time (b),michael ian edwards_christian tschuggnall,19921
masala moods,robert edwards,12892
cautious optimism (a),barnaby allan taylor,12892
ivory lady,elfed hayes_john joseph dickenson,nicht gefunden
inside my mind (b),nicolas phillimore dagnall_harry valentine,30242
life before you,knightstown_thomas aston,30242
on the edge (a),stuart andrew roslyn_matthew james foundling ,30242
french horn fanfare (a),richard myhill,2061
scars (a),matt black_christian j o lundberg,2061
memory maker (a),austin carey fray_skip armstrong,2061
say it now (a),jonathan david pilcher_natalie kate barowitz,2061
worse things (a),jonathan david pilcher_natalie kate barowitz,2061
make it last (a),jason tarver_andrea christina obeid,2061
make it last (b),jason tarver_andrea christina obeid,2061
weeny bopper,brian laurence bennett,2061
forget you are gone (b),andrew morris,8048
truthful (a),matt david koskenmaki_david john vanacore,48897 / nicht gefunden
secretive nature (a),bradley andrew segal_bong h_jung_chang wooi kang,48897 / nicht gefunden
tips (h),david john vanacore_craig alan owens,48897 / nicht gefunden
on the top (a),nick harvey,48897 / nicht gefunden
north star a,dario forzato_dario comuzzi_kristen lee agee,48897 / nicht gefunden
no joy a,doug r_bossi_justin henry knowell,48897 / nicht gefunden
le temps court instrumental,thomas jean rolland didier,12539
babylon,michael werner maas_michel yves kochmann,12539
un baiser sur la joue,vincent francois perrot,12539
gymnopedie no_ 1,erik alfred leslie satie,12539
colors in the sky,antoine raymond jacques glatard,12539
menacing dennis,maria molinari,96705
given the slip,eliot victor pister_vincent russo,96705
snowy reindeer ride,lisa bloom cohen,96705
whipper snapper 2,doug brandt,Phantom Power
whipper snapper 6 soft,doug brandt,Phantom Power
we are the heroes,nikolas joseph ammar_mike reed,nicht gefunden
be still my beating heart,nick harvey,nicht gefunden
anticipating the end,nicholas john harvey,nicht gefunden
lost main,tom howe_david jones,nicht gefunden
hard to say goodbye,april adams_paul cleveland,85218
let it all out,beatrice laureen stewart_paul cleveland,85218
hard to say goodbye,april adams_paul cleveland,85218
let it all out,beatrice laureen stewart_paul cleveland,85218
out of reach c,david mark wademan,35188
lies and betrayal a,hugo first_peter george alexander weitz,35188
fiendish foe a,stephen christopher tait_thomas richard peter howe,35188
river b,edward patrick hogston_oliver barclay,35188
sad feelings c,james william timothy warburton_alex thomas,35188
another time c,paul edward wilkes,35188
remembering a,nick harvey,35188
one by one a,matthew john owens,35188
ticking tension a,paul edward wilkes,35188
slow decline a,paul edward wilkes,35188
last minute touches a,julian nicholas hamlin_edmund swithin savigear jolliffe,35188
la luna,han sakari_skip armstrong,35188
heavy heart,edmund swithin savigear jolliffe,35188
optical illusion a,emmanuel geoffroy_gabriel benhamou,nicht gefunden
falling from heaven a,greg hatwell_adele roberts,30242
chase the light a,miro markus_mascha raykhman,30242
life before you,knightstown_thomas aston,30242
on the edge a,stuart andrew roslyn_matthew james foundling,30242
scars a,matt black_christian j_o_lundberg,2061
family trip a,andrew michael ernest adam_michael george double_nicholas jonathan hill,2061
will i make it out a,stuart winters_scarlett winters_jock york,2061
hit the kill switch a,lana mcdonagh_toby christopher horton,2061
gone adrift a,oliver mayo_jon gibson,2061
sink or swim,david gerard lawrence_alyusha mamiko chagrin,2061
friends,george stuart dewhurst_rhys fletcher_amelia louise humphreys,2061
suffering a,nicholas michael hill_nuala emily susan bennett-wilford_glenn herweijer_ben sumner,8048
tearing down walls a,louise bernadette dowd_elizabeth mary riordan,8048
lost in the dark a,rhian talisein sheehan_karl solve steven,48897/ nicht gefunden
brilliant beginning,michael werner maas_joni amelia fuller,12539
stop and start,elizabeth mary riordan_craig hayden beck,96705
a love so true,elizabeth mary riordan_craig hayden beck,96705
something new,patrick aidan mcmanus,nicht gefunden
let's go let's jump on in,jessica s covetskie,nicht gefunden
hidden in the breeze,nick harvey,nicht gefunden
hollow space,lorne david roderick balfe,2061
sneaky peeky,giampaolo cavallo_luca harb,
coming for you, -,nicht gefunden
fond reflection, -,nicht gefunden
heavy heart, -,nicht gefunden
silver sails, -,nicht gefunden
running out of hope a,simon robin brown,
breakable a,paul edward wilkes,
tender moments a,esco rivers,
forgotten souls a,paul edward wilkes,
not alone a,nick harvey,
there is hope a,nick harvey,35188
special bond,nick harvey,35188
slow decline a,paul edward wilkes,35188
fate a,paul edward wilkes,35188
hopeful scenes a,alex thomas esco rivers,35188
one world one hope a,alexander john randall parsons_dominic leo james howard,35188
relief a,alexander john randall parsons,35188
kill with kindness a,rena herissonne_skip armstrong,35188
precariously balanced,nick harvey,35188
all possibilities,esco rivers,35188
lighter sky,paul edward wilkes,35188
penguins,bernardus j m bernhard joosten_frank a h burks,7298
a little bit of magic,kelly mccollough_candace nicole mabra _david kawamura,6822
optical illusion b,emmanuel geoffroy abriel benhamou,6881
orange future a,stuart andrew roslyn,30242
solitary motion a,stuart andrew roslyn,30242
when your love is strong b,james milne walsh,30242
on the edge a,stuart andrew roslyn_matthew james foundling,48897
no coming back,thomas richard peter howe_stephen christopher tait,29630
soft dissolve,mark revell ,2061
dont pick me up,robert w vincent_heather d grody,2061
marking time a,,2061
moment by moment c,james copperthwaite,2061
too quiet a,sheridan paul tongue_,2061
scars a,matt black christian j o lundberg,2061
the plonker a,danny fromajio,2061
another fade a,jon anthony boorman,2061
take me home ,cody william falkosky,77784
forget you are gone a,andrew morris,8048
good feeling a,krissie karlsson_ karl karlsson,8048
first steps,maria belen vivero castro,84882
winter dawn,louise annette smart,84882
scuppered a,bradley andrew segal_ dorian charnis,48897
crimson man a,doug r bossi_ doug beiden,48897
review c,david john vanacore_ james wesley stemple,48897
no joy a,doug r bossi_ justin henry knowell,48897
polished glass a,rhian talisein sheehan_ karl solve steven,48897
do you see me,michael werner maas_ natasha mira,12539
always,julien raphael michel_ rimailho violette mathilde sylvie libault,12539
beautifull sky,jennifer gerette jordan_ geoffroy benjamin berlioz,12539
never giving up,charles antoine laurent_ debouit jon du,12539
bass build,james david pickering_  benjamin macklin matthew simon clark,48896
not giving up on love,james david pickering_ benjamin macklin matthew_ simon clark,48896
anythings possible,meredith hope raney_ jordan james_ reyes kenneth ladale dickerson,48896
falling in love,peter keith yelland-brown,85218
glass bottle,katherine mary hamilton_ alexandra futterer christopher norton ayer,85218
into the abyss a,alexander john randall parsons,35188
a tree,jordan kareem rees,51617
say yes a,ray dixie icecream ,35188
dreams,ian paul livingstone_ stephen james root,35188
investigate a ,tom howe,35188
behind closed doors a,james william timothy warburton,35188
calm after the storm a,david mark wademan,35188
cold river a,paul edward wilkes,35188
little devils a,stephen christopher tait_ thomas richard peter howe ,35188
playful antics e,stephen christopher tait,35188
cheeky rascal a 30 ,stephen christopher tait_thomas richard peter howe  ,35188
a timely opportunity b,ian paul livingstone_ stephen james root,35188
speak up a,andy powell,35188
supercharged a,simon robin brown,35188
lost soul a,paul edward wilkes,35188
dark intentions a,esco rivers_ alex thomas,35188
dramatic moments a,esco rivers_ alex thomas,35188
looming anticipation b,julian nicholas hamlin_ edmund swithin savigear jolliffe,35188
drawn out,alexander john randall parsons,35188
underneath,paul edward wilkes,35188
sometimes love,nicholas george rice_ imogen clare harfleet,35188
happy in the twilight,richard birkin,91598
lost moments,alexander rudd_ zach lemmon,nicht gefunden
brand new day,roberto manuel de sa_ isabella kearney-nurse,19921
songbird,dylan patrick,12892
further reflections c,nicholas jonathan hill_ andrew michael ernest,30242
on the edge,stuart andrew_ roslyn matthew james foundling,30242
scars,matt black_ christian j o lundberg,2061
sweet something,jason tarver_ blake devon beau,2061
i know,fiona bernadette harte,2061
minnesota,ollie friend_ freya felicitas volk,2061
minnesota,ollie friend_ freya felicitas volk,2061
take me home,cody william falkosky,77784
cemetery gates,zev alexander burrows,84882
lester a,david john vanacore_ john p nooney,48897/ nicht gefunden
lester c,david john vanacore_ john p nooney,48897/ nicht gefunden
to be b,david john vanacore_ kenneth douglas berry,48897/ nicht gefunden
greed,raney shockne,48897/ nicht gefunden
poor c,bradley andrew segal,48897/ nicht gefunden
weird d,brian scott carr_ kristen lee agee,48897/ nicht gefunden
no use for the truth,robert charles mann,12539
hello hello,eric rene starczan_ david alphonse pierre krutten_ willemina laan,12539
nothing can stop,jennifer gerette_ jordan geoffroy_ benjamin berlioz,12539
mango,nicolas boscovic_ tom hillock,12539
warm feeling,ray colcord,51580
whipper snapper 6 soft,doug brandt,phantom power/ nicht gefunden
alpine folk,markus strasser,47562
the lake,nikolas joseph ammar_ lucy rachel underhill,nicht gefunden
leads me home,philip peter dudley panton_ oliver wilde_ tom barnes,nicht gefunden
i believe in me,patrick aidan mcmanus,nicht gefunden
sooner or later,paul graham stanborough_ april adams,85218
come home,jeffrey lloyd ross_ paul cleveland,85218
investigation b,stephen james root_ ian paul livingstone,35188
danger drone a,james william timothy warburton,35188
moving sideways a,paul edward wilkes,35188
better days lie ahead a,stefan jon fletcher,35188
campfire kickback,thomas richard peter howe_ stephen christopher tait,35188
hidden depths a,esco rivers_ alex thomas,35188
needing space a,paul edward wilkes,35188
disbelief a 30,saul okayman_ skip armstrong,35188
in loving memory a,alexander john randall parsons,35188
dark halo a,alexander john randall parsons,35188
quietly hoping,miguel doliveira,35188
unusual suspects a,lukas obernosterer_ skip armstrong,35188
delizioso,thomas dylan_ skip armstrong,35188
fond reflection,edmund swithin savigear jolliffe,35188
do you need me,milan longevial_ monsterra_ skip armstrong,91929
do you need me,milan longevial_ monsterra_ skip armstrong,91929
giving it up before it's too late,wilo kendall_ iris robbins_ henry roseberry_ skip armstrong,91929
cymbal,eric allen_ frank reidy,nicht gefunden
what i done wrong,√°ngel luis samos luna,25376
falling forever a,john winston hester_ olivia hero baldwin_ adele roberts,30242
on the edge a,stuart andrew roslyn_ matthew james foundling,30242
family album b,david graham hewson,2061
scars a,matt black_ christian j_ o_ lundberg,2061
shades of a night sky,magnum opus,2061
sweet content a,adam paul courtenay burns_ jez burns,2061
uneasy ticking a,sheridan paul tongue,2061
another fade a,jon anthony boorman,2061
come back to you a,andrew ian murray_ brad parsons_ taylor buck snow_ rebecca dorothy may lewis,91928
our world a,robert charles edwin bagshaw_ tom canning_ taylor jade danielle williams,91928
bumblebee,drew milligan_ jacob gray,8048
everything i want to be b,nicholas michael hill_ nuala emily susan bennett-wilford_ glenn herweijer_ ben sumner,8048
retired a,daniel james nolan,48897/ nicht gefunden
spring morning a,doug r_ bossi_ doug beiden,48897/ nicht gefunden
thirteen heavens a,matthew peter cracknell,48897/ nicht gefunden
deliberating,vincent carlo,12539
running after,william jean martial hurion,12539
back home,geoffroy benjamin berlioz_ sarah zeppilli,12539
hollow war,francesco siano,96705
overcoming my past (instrumental),dave jones_ tom tideway,85218
pure unstoppable,peter peters_ dominic marsh,nicht gefunden
fee fi fo fum,jessica charlotte dannheisser,nicht gefunden
regenerating excitement,nicholas john harvey,nicht gefunden
wind blissed,paul cleveland,85218
morning dew,paul cleveland,85218
morning dew,paul cleveland,85218
love love love a 30,lotte mullan_ timothy max gerard goalen,35188
these words a 30,paul edward wilkes,35188
sorrow times a,paul edward wilkes,35188
little devils c,stephen christopher tait_ thomas richard peter howe,35188
after it's ended a,paul edward wilkes,35188
early memories b,jessica jones,35188
slow decline a,paul edward wilkes,35188
hidden menace b,alexander john randall parsons,35188
age of concern a,alexander john randall parsons,35188
the struggle,esco rivers,35188
sharing lives,roger john webb,6822
come to be,simon gerard_ lewis stewart,6822
i know i will survive a,christopher james dececio_ harry john cracknell_ adele roberts,30242
on the edge a,stuart andrew roslyn_ matthew james foundling,30242
astral destinies a,frank abington_ hazel yvonne tratt,52972
scars a,matt black_ christian j o lundberg,2061
cast away b,benjamin peter mcavoy_ kamal david kamruddin,2061
the forgotten a,michael price_ nicholas jonathan hill,2061
say hi a,andrew ian murray_ brad parsons_ taylor buck_ snow dustin_ paul widofsky,91928
lifeline (a explicit),lewis henry amoroso_ sam alexander temple  ,8048
lifeline b,lewis henry amoroso_ sam alexander temple  ,8048
prospero a,knightstown_ thomas alfeu_ macmagha aston,8048
fall for you a,dirk steinberg_ jj jones_ skip armstrong,8048
narrow margin,malfunction,84882
crowds b,doug r bossi_ shawn michael rorie,48897
the past a,david scott rockower_ john august pregler_ kristen lee agee,48897
beautifull sky,jennifer gerette jordan _geoffroy benjamin berlioz,12539
gotta be strong enough let the games begin,karina julia ramage_ neil athale,48896
flammy bass drum hit,tom howe,48896
release, francis p harries,85218
the brokenhearted b,jake jefferson_ field turlough gunawardhana_ jennifer healy,35188
long forgotten a,doug r bossi,35188
in the cold a,lord ladyshakes_ michael panayiotis georgiades,35188
disconsolate a,lord ladyshakes_ michael panayiotis georgiades,35188
break up b,lord ladyshakes_ michael panayiotis georgiades,35188
thousand words c,david mark wademan,35188
crystal glow b,joseph alexander,35188
love song a,paul edward wilkes,35188
august soon b,edward patrick hogston_ oliver barclay_ nicholas john kingswell,35188
another love c,edward patrick hogston_oliver barclay,35188
sad feelings c,james william_ timothy warburton_ alex thomas,35188
another time c,paul edward wilkes,35188
special bond,nick harvey,35188
feelings change a,esco rivers_ alex thomas,35188
laid bare b,dylan thomas price_ skip armstrong,35188
age of concern a,alexander john randall parsons,35188
greatest day,sacha james collisson,35188
still think of you a,dirk steinberg_ jj jones_ skip armstrong_ joseph messina-doerning_ jj jones_ skip armstrong,35188
it could be,"kelly mac_
hanns martin campbell_
gabrielle nicole alberto_
justin keith houston clarkson",30250
as time goes by a,"tony chapman_
vic adam",6881
what i done wrong,√°ngel luis samos luna,25376
young a,"dion_
duffy sylvander_
knight ryder",30242
on the edge a,"stuart andrew roslyn_
matthew james foundling",52972
my design a,harriet esther whitehead,29630
scars a,matt black_christian j o lundberg,2061
free fall a,stuart andrew roslyn,2061
vista,"knightstown_
thomas alfeu macmagha aston",2061
consider this b instrumental,"natalie kate barowitz_
jonathan david pilcher",2061
worst of you,"david gerard lawrence_
kristofer charles harris_
lou taylor",2061
take me home ,cody william falkosky,77784
closer c,"andrew ian murray_
brad parsons_
taylor_
buck snow_
rasmus viberg_
edward-nathanael pop",91928
the place you need to be,sebastien lefebvre,84882
too many walls a,david henry etherington,48897
not very sure,francisco becker,12539
barely any piano piano only,thomas louis james white,47562
afternoon calm,peter henry mayne,48896
fractured,"john hedges ross_
zoe bestel",48896
shooting stars,"john hedges ross_
thomas joerg reutter",48896
we will rise above,"thomas jack foley_
dominic marsh",48896
keep on rising,"lee nathaniel hing-coa_
dominic luke husbands_
gabriella chloe feldman",48896
shouldnt be alive,"thomas richard peter howe_
jonathan monroe",48896
mad on motor racing,nicholas john harvey,48896
realisation in solitude a,timothy william oliver,29629
bittersweet b,"david john vanacore_
kenneth douglas berry",35188
impish incidents a,"stephen christopher tait_
thomas richard peter howe",35188
whimsical pranks f,"stephen christopher tait_
thomas richard peter howe",35188
still here b,edward patrick hogston_ oliver barclay,35188
august soon b,edward patrick hogston_ oliver barclay_ nicholas john kingswell,35188
campfire kickback,"thomas richard peter howe_
stephen christopher tait",35188
remembering a,nick harvey,35188
all is well a,"edmund swithin savigear jolliffe_
julian nicholas hamlin",35188
cold water a,paul edward wilkes,35188
puppy smile no woodwinds and perc,joohyun park,97457
bright a,"ross taggart garren_
jesse lynn_
john charles schroeder",95633
pressure a,jonathan david pilcher,35188
in the air ft_ gioia a,"phil valley_
stewart jonathon tuttle_
taylor stephanie marie staton",98435
mischievous,paul kevin joyce,30242
spend my days dreaming a,"george stephenson_
bradford lawrence ellis_
alabama whitman",30242
falling from heaven a,"greg hatwell_
adele roberts",30242
promises a,"josh powell_
helen mcdowall_
adele roberts",30242
your lights a,"knightstown_
john bisset",30242
on the edge a,"stuart andrew roslyn_
matthew james foundling",48897
hop skip and a jump a,stephen dean,52972
better times,sheridan paul tongue,2061
scars a,matt black_christian j o lundberg,2061
dawn of reality a,stuart martyn miller,2061
monkey ballet a,"adam paul courtenay burns_
jez burns",2061
in two b,"joseph george de la hoyde_
nicholas robert de la hoyde",2061
save me from myself a,"richard mead_
darius alexander behdad",2061
automatic love a,"richard mark salmon_
phoebe faye_
matthew ben thackeray",2061
the first time a,"shelley ann harland-wright_
james william alexander harland-wright_
taylor_
ian michael dowling",91928
side by side b,"shelley ann harland-wright_
james william alexander harland-wright_
taylor_
buckingham c snow",91928
favourite time of year a,"taylor_
brad parsons_
aidan christopher thompson_
maygen rhea lacey",91928
everything i want to be a,"nicholas michael hill_
nuala emily susan bennett-wilford_
glenn herweijer_
ben sumner",8048
who i am c,matthew james,8048
things are nice a,"david john vanacore_
ehren ebbage",48897
adored a,"bradley andrew segal_
ramesh kumar kannan",48897
trick a,"bradley andrew segal_
haim mazar",48897
hold me a,"bradley andrew segal_
bong h_ jung_
jun lee",48897
paper a,"dario forzato_
kristen lee agee",48897
daydream song,"julien jean glabs_
gary granville_
julien guillerme yves bonneau",12539
happy mischief,francisco becker,12539
simple comedy,francisco becker,12539
make me feel,"loic farrouk ghanem_
novine posch",12539
menacing dennis,maria molinari,96705
homesick heart,"willie lee_
curtis wiley",96705
warm feeling,ray colcord,51580
on tip toes,jordan kareem rees,47562
broken promises,"john hedges ross_
zoe bestel",48896
give it away,"katherine mary hamilton_
alexandra futterer_
christopher norton ayer",85218
in the bleak mid winter score,"thomas richard peter howe_
david jones",85218
slowtimer,bartlomiej andrzej zajkowski,84957
coast to coast,richard adam keyworth,51617
dreams,"ian paul livingstone_
stephen james root",35188
disconsolate a,lord ladyshakes_ michael panayiotis georgiades,35188
broken hearts a,paul edward wilkes,35188
lost hope a,nick harvey,35188
cheeky rascal b,"stephen christopher tait_
thomas richard peter howe",35188
little devils c,"stephen christopher tait_
thomas richard peter howe",35188
playful antics b,"stephen christopher tait_
thomas richard peter howe",35188
looking for answers b,jessica jones,35188
home from home a,alex wilson,35188
ticking tension a,paul edward wilkes,35188
open up a,paul edward wilkes,35188
fate a,paul edward wilkes,35188
shine hit,taylor long,22927
shelter a,sophia simoes da silva,19921
she walked - vocal version,"evan josef beigel_
alex james troup",30250
she is away,"rene de wael_
philippe falcao_
gabriel benhamou",6881
aside,"tony chapman_
vic adam",6881
long road a,matthew brian bento_ matthew david goodman,30242
on the edge a,stuart andrew roslyn_ matthew james foundling,30242
lost,justin caine burnett,2061
breathless suspense a,christopher timothy willis,2061
after the silence a,tony clarke,2061
scars a,matt black_christian j o lundberg,2061
voyage to the sun a,alastair john king,2061
nostalgia and hope a,michael price,2061
distant sun a,"wayne anthony murray_
andrew michael britton",2061
family trip a,"andrew michael ernest_
adam michael george double_
nicholas jonathan hill",2061
tearing down walls a,"louise bernadette dowd_
elizabeth mary riordan",8048
things are nice a,"david john vanacore_
ehren ebbage",48897
over the valley a,"bradley andrew segal_
bong h_ jung_
chang wooi kang",48897
bite a,"bradley andrew segal_
haim mazar_
sebastian oskar theodore ornemark",48897
goose a,"doug r bossi_
shawn michael rorie",48897
goose c,"doug r bossi_
shawn michael rorie",48897
wondering,vincent carlo,12539
i have never felt so good,"julien jean glabs_
louise marie cannelle dubray",26413
one night,"jennifer gerette jordan_
julien jean glabs",26413
time slow it down,"elizabeth mary riordan_
craig hayden beck",96705
pause,max t surla,51580
echoes,"sacha james collisson_
zoe durrant_
dominic marsh",48896
dream big,"devin stepan norris_
lyle richard johnson_
nancy louise lee",48896
honestly,ron foley,85218
sneaky peeky,"giampaolo cavallo_
luca harb",51617
sinister intentions b,james william timothy warburton,35188
say yes a,"ray dixie_
icecream",35188
the last time a,"stephen james root_
ian paul livingstone",35188
fulfilling a,"david john vanacore_
ehren ebbage",35188
go it alone a,stacey ruttledge_ louise bernadette dowd,35188
fatal terrain a,"dario forzato_
philip guerin anderson_
kristen lee agee",35188
on the pulse a,jake ray,35188
light movement a,simon charles porter,35188
without you and yourself b,paul edward wilkes,35188
after its ended a,paul edward wilkes,35188
betrayal a,stephen matthew porter,35188
ticking tension a,paul edward wilkes,35188
open up a,paul edward wilkes,35188
peaceful times b,paul edward wilkes,35188
fate b,paul edward wilkes,35188
hopeful scenes a,"alex thomas_
esco rivers",35188
checking the competition a,"julian nicholas hamlin_
edmund swithin savigear jolliffe",35188
evocation,miguel doliveira,35188
one to one,hal lindes,30242
soft like the sea,"nicholas jon peill_
matthew alexander leonard avery",30242
on the edge a,"stuart andrew roslyn_
matthew james foundling",48897
this town is ours,simon robin brown,2061
favourite dream (a),adriana stone,2061
all of you (a),jason david allen tarver,2061
once again (a),natalie kate barowitz,2061
best in class,ben adrian preston,2061
everything you have instrumental,ben adrian preston,2061
cause for hope,sheridan paul tongue,2061
better times,sheridan paul tongue,2061
scars a,matt black_christian j o lundberg,2061
soft and tender c,rupert william gregson williams,2061
bad side a,"jemma lou_
olivier bibeau",2061
im in love,cristi vaughan,77748
im in love - underscore,cristi vaughan,77748
angels lullaby a,stuart andrew roslyn_ timothy paul goodacre_ monica gomila,8048
retired a,daniel james nolan,48897
secretive nature a,"bradley andrew segal_
bong h_ jung_
chang wooi kang",48897
baked a,"doug r bossi_
tony phillips",48897
forgot a,"david john vanacore_
john p nooney",48897
cut a rug c,"doug r bossi_
doug beiden",48897
time to go,"nicolas boscovic_
tom hillock_
jennifer gerette jordan",12539
im in love with you,"elizabeth mary riordan_
craig hayden beck",96705
after the fall a,david michael grimes,51580
waiting room,jordan kareem rees,47562
fickle beast,francis p harries,85218
daydream weaver,dominic anthony messinger,1732
sleep walk,"christopher norton ayer_
katherine mary hamilton_
alexandra futterer",85218
in the bleak mid winter,"thomas richard peter howe_
david jones",85218
rising sun,francis p harries,85218
morning dew,paul cleveland,85218
daybreak,paul cleveland,85218
on the way,aaron frederick laszlo wheeler,35188
only heaven,ian paul livingstone_ stephen james root,35188
mischievous monarch a,tom howe_ stephen christopher tait,35188
bright prospects a 30,joseph alexander,35188
playful antics b,"stephen christopher tait_
thomas richard peter howe",35188
better days lie ahead a,stefan jon fletcher,35188
her beautiful soul a,nathalie mac,35188
home from home a,alex wilson,35188
dark trance a,paul edward wilkes,35188
down stream a,paul edward wilkes,35188
me and my anxiety c,"nicolas larsson_
dei",35188
betrayal a,stephen matthew porter,35188
positive moments a,"esco rivers_
alex thomas",35188
slow decline a,paul edward wilkes,35188
fate a,paul edward wilkes,35188
turning point a,"alex thomas_
esco rivers",35188
dramatic moments a,"alex thomas_
esco rivers",35188
the closer,paul edward wilkes,35188
freedom,"andrew peter kingslow_
trina smith",35188
lighter sky,paul edward wilkes,35188
emerging light,esco rivers,35188
furtive fudge,"tom tideway_
stephen christopher tait",35188
do you love me,"lana mcdonagh_
andrew michael britton_
wayne anthony murray",35188
how do i love me now,"olivier bibeau_
jemma lou",35188
puppy smile no woodwinds and perc,joohyun park,97457
pressure a,jonathan david pilcher,35188
she walked - vocal version,"evan josef beigel_
alex james troup",30250
to be honest,√°ngel luis samos luna,25376
you always stay a,"andrew peter kingslow_
magdalena pring_
david charles troke",30242
hideaway a,"james milne walsh_
greg hatwell",30242
all the fires a,jamie norton,30242
on the edge a,stuart andrew roslyn_ matthew james foundling,30242
creole up two down b,"earl jackson_
elton fisher",52972
hop skip and a jump a,stephen dean,52972
scars a,matt black_christian j o lundberg,2061
say it now a,"jonathan david pilcher_
natalie kate barowitz",2061
cudillero c,"benjamin townsend_
jack ruston",2061
i know a,fiona bernadette harte,2061
jadore lamour b,"rob cass_
joseph robert taylor_
katherine joyce fussey",8048
every single chime a,harriet esther whitehead,8048
things are nice a,"david john vanacore_
ehren ebbage",48897
exit a,"bradley andrew segal_
bong h_ jung_
ki woo kim",48897
big a,bradley andrew segal,48897
reconcile a,"devin powers_
mikkel heimburger",48897
reconcile b,"devin powers_
mikkel heimburger",48897
private conversation,laurent dury,12539
snowy reindeer ride,lisa bloom cohen,96705
time slow it down,"elizabeth mary riordan_
craig hayden beck",96706
feel the love,patrick aidan mcmanus,48896
honestly,ron foley,85218
sleep walk,"christopher norton ayer_
katherine mary hamilton_
alexandra futterer",85218
in the bleak mid winter,"thomas richard peter howe_
david jones",85218
sneaky peeky,"giampaolo cavallo_
luca harb",51617
wider view a,david hodson lowe,35188
overcome a,"david john vanacore_
ehren ebbage",35188
pivotal moment a,brian quid,35188
at risk a,marc mooney,35188
fallen shadows a,paul edward wilkes,35188
letting it out a,nick harvey,35188
hearing voices a,stephen matthew porter,35188
home from home a,alex wilson,35188
dark trance a,paul edward wilkes,35188
me and my anxiety a,"nicolas larsson_
dei",35188
me and my anxiety b,"nicolas larsson_
dei",35188
tender moments a,esco rivers,35188
if only there was yesterday a,paul edward wilkes,35188
brand new day a,"liam love_
taylor middleton_
glenn herweijer_
ben sumner",35188
special bond,nick harvey,35188
positive moments a,"esco rivers_
alex thomas",35188
open up a,paul edward wilkes,35188
slow decline a,paul edward wilkes,35188
brighter days b,"alex thomas_
esco rivers",35188
hidden lies a,"lukas obernosterer_
skip armstrong",35188
god rest ye merry gentlemen - reflective d,"philip james jewson_
paul cartledge_
unknown",35188
summer moon,"joshua ayling_
jonathan edward samuel hick",35188
pressure a,jonathan david pilcher,35188
do not leave me now a,"rules_
adele roberts",30242
retrace b,david stephen carr_ adele roberts,30242
on the edge a,stuart andrew roslyn_ matthew james foundling,30242
my design a,harriet esther whitehead,29630
nerve centre b,robert n_ daspit,2061
scars a,matt black_ christian j o lundberg,2061
cast away b,benjamin peter mcavoy,2061
loaded gun a,benson taylor_ carolanne busuttil,2061
undone a,martin tillmann_ tom vedvik,2061
dont wanna lose you,robbie rider_ matthew steven cermanski,2061
closer a,"andrew ian murray_
brad parsons_
taylor_
buck snow_
rasmus viberg_
edward-nathanael pop",91928
follow me down a,matthew cabot_  paul jomo kruschinski,8048
the only love i want to know,allison rose piccioni,84882
glitter in the night b,doug r bossi_ doug beiden,48897
goose a,doug r bossi_ shawn michael rorie,48897
time slow it down,elizabeth mary riordan_ craig hayden beck,96706
after dust,paul graham stanborough_ indie elliott,85218
getting even,thomas richard peter howe,85218
let it all out,beatrice laureen stewart_ paul cleveland,85218
seeing stars,clarke nicholas_ tom whitehorse,85218
into the abyss a,alexander john_ randall parsons,35188
only heaven,ian paul livingstone_ stephen james root,35188
imperfectly beautiful a,stacey ruttledge_ louise bernadette dowd,35188
born to night a,turlough gunawardhana_ jake jefferson field,35188
love like this a,stacey ruttledge_ jay cicero,35188
thousand words c,david mark wademan,35188
love song b,paul edward wilkes,35188
one take a,steven bashir_ wassily gradovsky_ joelina drews,35188
let the investigation begin b,nick harvey,35188
whimsical pranks f,stephen christopher tait_ thomas richard_ peter howe,35188
melancholy dreams a,paul edward wilkes,35188
change of heart a 60,paul edward wilkes,35188
still here b,edward patrick hogston_ oliver barclay,35188
open up our eyes c,edward patrick hogston_ oliver barclay,35188
sad feelings c,james william_ timothy warburton_ alex thomas,35188
remembering a,nick harvey,35188
bittersweet memories b,nick harvey,35188
simmering tension a,james william_ timothy warburton,35188
if only there was yesterday a,paul edward wilkes,35188
all is well a,edmund swithin_ savigear jolliffe_ julian nicholas hamlin,35188
special bond,nick harvey,35188
the mountain is you,sarah michelle ozelle,35188
sweet thoughts,andy britton_ david stephen goldsmith,8510
glow a,michael edward caen,19921
glow b,michael edward caen,19921
in the air (ft_ gioia) (a),phil valley_ stewart jonathon tuttle_ taylor stephanie marie staton,98435
i am all right a,sarah eisenfisz_ marcel bolano_ merrick day,30242
on the edge a,stuart andrew roslyn_ matthew james foundling,30242
scars a,matt black christian_ j o lundberg,2061
one last time c,peter macdonell darling_ william david featherby,2061
the space to breathe a,christopher mark salt,2061
dont wanna be alone,tom whitehorse_ abhishek pant,2061
roses,george stuart dewhurst_ alexander thomas sypsomos,52738
anywhere you want a 30,richard mark salmon_ mickey bruce merve_ melis uslu can,8048
no joy a,doug r bossi_ justin henry knowell,48897
one day,ashley thomas clark_ nicolas boscovic_ tom hillock,12539
make me feel,loic farrouk_ ghanem novine posch,12539
bridges no more,nick harvey,51699
sleep walk,christopher norton ayer_ katherine mary hamilton_ alexandra futterer,85218
fresh start a,stephen james root_ ian paul livingstone,35188
history a,david john vanacore_ joseph s greenier,35188
in the past b,david john vanacore_ ehren ebbage,35188
disconsolate a,lord ladyshakes_ michael panayiotis georgiades,35188
break up a,lord ladyshakes_ michael panayiotis georgiades,35188
sentimental stories a,stephen matthew porter,35188
danger drone a,james william timothy warburton,35188
calm after the storm a,david mark wademan,35188
sorrow times a,paul edward wilkes,35188
dark hours a,paul edward wilkes,35188
unfamiliar for me,nick harvey,35188
catharsis a,nick harvey,35188
cheeky rascal a,stephen christopher tait_ thomas richard peter howe,35188
little devils c,stephen christopher tait_ thomas richard peter howe,35188
playful antics e,stephen christopher tait_ thomas richard peter howe,35188
sad feelings c,james william timothy warburton_ alex thomas,35188
honest b,dean william jr_ palya alexander michael hinsky,35188
regretful d,alex thomas esco rivers,35188
joining the dots a,sara ann barone_ skip armstrong,35188
safe and sound,robbie rider_ katrina stone_ benj heard_ jay denton_ aaron kellim,35188
take the river,benjamin w walker_ david gerard lawrence,35188
smoke signal,beth perry_ chris doney,35188
living for today,kelly mac_ hanns martin campbell_  gabrielle nicole alberto_ justin keith houston clarkson,6822
a little more every day a ,michael david needle_ nicholas alexander squires,30242
feel something a,andy powell_ adele roberts,30242
on the edge (a),stuart andrew roslyn_ matthew james foundling ,30242
ever after 1,jonathan paul jowett_ nigel christopher mullaney,30249
pages turn,vince gabriel,30249
is this goodbye,jason tarver_ blake devon,2061
come away with me,jason tarver_ blake devon,2061
for hes gone and married yum-yum,gilbert and sullivan_ lars ole ganderup payne,2061
distant a,ruth danielle barrett,2061
scars a,matt black_ christian j o lundberg,2061
keep me on the ground a,ohn isaac charles coggins_ steve strings_ dave richard bassett_ dr steven trip_ skip armstrong,2061
gone too long a,nicholas michael hill_ nuala emily susan bennett-wilford_ glenn herweijer_ ben sumner,8048
its you a,bradley andrew segal_ bong h_ jung_ jun lee,48897
bumps in the night a,jeffrey e cardoni,48897
sunday cruise,ashley thomas clark,12539
we must win,toby langton gilks,48896
weightless,andy powell_ linda cathrine roan_ dominic marsh,48896
happy guitar,martin l a seysener_ dirk j_ dick kemper,30241
comfort of home,peter marshall russell,51617
dreams to reality,allen constantine,51617
the little river,andres bertoglio,51617
finding the way,jez burns,35188
mounting pressure (a),philip guyler,35188
no time left (a),paul edward wilkes,35188
flying with birds,edmund swithin savigear jolliffe,35188
heavy heart,edmund swithin savigear jolliffe,35188
messages b,james donald davies,35188
holding on c,stuart andrew roslyn_ matthew james foundling,35188
the last time a,stephen james root_ ian paul livingstone,35188
running out of hope a,simon robin brown,35188
emotional tension a,doug r bossi,35188
go it alone a,stacey ruttledge_ louise bernadette dowd,35188
pieces a,juan carlos gutierrez,35188
after its ended a,paul edward wilkes,35188
the righteous a,drew milligan_ james geoffrey wrigley,35188
path of most resistance a,drew milligan_ james geoffrey wrigley,35188
encounter a,ian paul livingstone_ stephen james root,35188
tender moments a,esco rivers,35188
no hope left a,paul edward wilkes,35188
a reflection sting,paul edward wilkes,35188
apprehensive a,julian nicholas hamlin_ edmund swithin_ savigear jolliffe,35188
quietly hoping,miguel doliveira,35188
bright years ahead a,kooka munga_ purple kitty_ skip armstrong,35188
magically appears,nick harvey,35188
everything is ok,esco rivers,35188
emerging light,esco rivers,35188
you pull me back in,olivier bibeau_ jemma lou,35188
chase mars,ben jackman,2235
lost and found,atli orvarsson,431
unmasking the antagonist b,simon leslie brown,30338
fomo,alyssa baillie bonagura,1732
could be yours a,"jack alexander phillips_
jack david greengrass_
adele roberts",30242
move with you a,"clav david john austin_
katie candida thompson",30242
everything you are d,"george stephenson lee_
james gavin_
david bell",30242
on the edge a,"stuart andrew roslyn_
matthew james foundling",30242
your hollow sun a,altidore chance,52972
when love is gone (a),"jason david allen tarver_
blake devon",2061
you never needed me (a),"natalie kate barowitz_
jonathan david pilcher",2061
consider this (a),"natalie kate barowitz_
jonathan david pilcher",2061
once again (a),"natalie kate barowitz_
jonathan david pilcher",2061
everything you have instrumental,ben adrian preston,2061
blurred spring,"vasco_
jon lorca",2061
save us las vegas a,robert w vincent,2061
scars a,matt black_christian j o lundberg,2061
hearts entwined a 30,tony clarke,2061
when the moment comes g,"donald black_
alexander rudd",2061
warm wind,"julien jean glabs_
pauline martin-chatenet",12539
difficult progress,thomas louis james white,47562
no hope,steve buick,47562
board meeting,jordan kareem rees,47562
cant catch me,john francis campbell ross,48896
love nest,dominic anthony messinger,1732
in your eyes,marius de la mer,85218
glass bottle,"katherine mary hamilton_
alexandra futterer_
christopher norton ayer",85218
daybreak,paul cleveland,85218
hollow space,lorne david roderick balfe,2061
better days,tristan lewis noon,51617
coming for you,paul edward wilkes,35188
enemy approach underscore c,doug r bossi,35188
surmise a,doug r bossi,35188
long forgotten a,doug r bossi,35188
where the love is a,"james bryan mccollum_
carys louise williams selvey",35188
time of need b,"philip guyler_
johnny griggs",35188
youthful dreams a,"david gerard lawrence_
harriet esther whitehead",35188
lighthouse a,david gerard lawrence,35188
river b,"edward patrick hogston_
oliver barclay",35188
temper tired b,paul edward wilkes,35188
early memories b,jessica jones,35188
twilight falls a,"thomas richard peter howe_
stephen christopher tait",35188
simmering tension a,james william timothy warburton,35188
not alone a,nick harvey,35188
there is hope a,nick harvey,35188
special bond,nick harvey,35188
positive moments a,"esco rivers_
alex thomas",35188
feelings change a,"esco rivers_
alex thomas",35188
fate a,paul edward wilkes,35188
age of concern a,alexander john randall parsons,35188
evocation,miguel doliveira,35188
kill with kindness a,"rena herissonne_
skip armstrong",35188
make it snappy,nick harvey,35188
careful planning,nick harvey,35188
sunday driver,nick harvey,35188
creeping,paul edward wilkes,35188
near light,"ho ling tang_
skip armstrong",35188
im in love with a cupcake,"irgasm_
skip armstrong",35188
puzzling affair,"tom tideway_
stephen christopher tait",35188
final answer,ben beiny,35188
remember how it feels a,"michael ian edwards_
christian tschuggnall",19921
end of time b,"michael ian edwards_
christian tschuggnall",19921
little friends,geoff spencer,6822
go there ft_ lauren krista a,"lauren krista_
adam howard",98435
hideaway b,"james milne walsh_
greg hatwell",30242
on the edge a,"stuart andrew roslyn_
matthew james foundling",48897
hop skip and a jump a,stephen dean,52972
lift up your eyes,sheridan paul tongue,2061
electric tenderness,"jan juzef cyrka_
james roger graydon",2061
scars a,matt black_christian j o lundberg,2061
difficult progress a,"andrew michael ernest_
nicholas jonathan hill",2061
sweet content a,"adam paul courtenay burns_
jez burns",2061
sweet content c,"adam paul courtenay burns_
jez burns",2061
endangered species a,sascha blank,2061
i got lucky a,rebecca aubrey whitfield,2061
sunset at the river a,neill laurence solomon_ mauritz cecil lotz,2061
the first time a,"shelley ann harland-wright_
james william alexander harland-wright_
taylor_
ian michael dowling",91928
regarde moi b,"jeremy ren maurice levy_
lola madeleine yvonne bastard",8048
sneaky man g,"doug r bossi_
gregory james allan_
eduardo damian martin ramones",48897
darkness beach a,daniel james nolan,48897
bang bang,"nicolas boscovic_
tom hillock_
ashley thomas clark",12539
get home,thomas frinking,12539
friends and family,"jean-pascal boffo_
eric rene starczan",86439
mournful heart,francesco siano,96705
warm feeling,ray colcord,51580
nordic drama,thomas louis james white,47562
broken promises,"john hedges ross_
zoe bestel",48896
split personality,"christopher james dececio_
charlotte eve matthews_
dominic marsh",48896
something new,patrick aidan mcmanus,48896
more more more,"ben graham mclusky_
dominic marsh",48896
going in,"tom howe_
stephen christopher tait",51699
rising sun,francis p harries,85218
morning dew,paul cleveland,85218
dust and sand a,"matthew james kelly_
dominic mark kelly",35188
where the love is c,"james bryan mccollum_
carys louise williams selvey",35188
broken hearts a,paul edward wilkes,35188
in every way b,"miguel simoes_
catherine esther morrow",35188
imminent threat b,marc mooney,35188
lost hope a,nick harvey,35188
tender moments a,esco rivers,35188
love letter a,"michael lesirge_
tribe music_
charles henry truong vinh laffer_
edward andrew charles swinburne_
edward john campbell ashcroft_
paul jonathan ivan vials",35188
open up a,paul edward wilkes,35188
on a roll,"sacha james collisson_
adam james lopez martin",35188
la luna,"han sakari_
skip armstrong",35188
day of judgement,"saab volvoson_
skip armstrong",35188
the dark,"nicholas michael hill_
glenn herweijer_
ben sumner_
tessa rose jackson",35188
the cage,"sebastian herve pan_
glenn herweijer_
ben sumner",35188
wait for more a,"george stephenson_
bradford lawrence ellis_
alabama whitman",30242
on the edge a,"stuart andrew roslyn_
matthew james foundling",48897
behind the fence,michael price,2061
scars a,"matt black_
christian j o lundberg",2061
desolate world a,"martin tillmann_
vincent p j corver",2061
deeper than you a,"nicholas george rice_
imogen clare harfleet",2061
roses,"george stuart dewhurst_
alexander thomas sypsomos",2061
closer a,"andrew ian murray_
brad parsons_
taylor_
buck snow_
rasmus viberg_
edward-nathanael pop",91928
locust a,"doug r bossi_
shawn michael rorie",48897
nothing can stop,"jennifer gerette jordan_
geoffroy benjamin berlioz",12539
higher love,"charles antoine laurent debouit_
jon du",12539
let it all out,beatrice laureen stewart_ paul cleveland,85218
sweet moment a,jon alexander,35188
fresh start a,stephen james root_ ian paul livingstone,35188
invincible a,"harlin james_
clav_
david john austin",35188
in the past b,"david john vanacore_
ehren ebbage",35188
inspire d,"david john vanacore_
ehren ebbage",35188
hazy thoughts c,doug r bossi,35188
break up b,"lord ladyshakes_
michael panayiotis georgiades",35188
time of need b,"philip guyler_
johnny griggs",35188
proud of you b,paul edward wilkes,35188
leaving with you c,david gerard lawrence,35188
let the investigation begin b,nick harvey,35188
change of heart a 60,paul edward wilkes,35188
still here b,"edward patrick hogston_
oliver barclay",35188
another love c,"edward patrick hogston_
oliver barclay",35188
river e,"edward patrick hogston_
oliver barclay",35188
empty bottles a,stephen matthew porter,35188
speak up a,andy powell,35188
thinking bout you a,"james kenneth grover_
george jacob van renselar",35188
if only there was yesterday a,paul edward wilkes,35188
cold water a,paul edward wilkes,35188
fate a,paul edward wilkes,35188
hidden lies a,"lukas obernosterer_
skip armstrong",35188
nobody else full mix,richard michael pilkington,30337
match my energy ft kla,"phil valley_
kayla matos",98435
last one standing a,"andy powell_
linda cathrine roan_
adele roberts",30242
call it out a,"jermain brown_
david john austin_
knight ryder",30242
on the edge a,"stuart andrew roslyn_
matthew james foundling",48897
falling still c,"david john vanacore_
matt david koskenmaki",48897
show me how a,"greg hatwell_
marc lane",2061
scars a,"matt black_
christian j o lundberg",2061
this time a,"timothy william oliver_
jade elizabeth pybus_
natalie kate barowitz",2061
so long a,nathan reed whitehead,2061
watch me burn a,"lewis henry amoroso_
ivana lukic",2061
lifeguard a,"carmi latham_
howard pearse_
andrew ian murray_
buck snow_
taylor",91928
everything i want to be a,"nicholas michael hill_
nuala emily susan bennett-wilford_
glenn herweijer_
ben sumner",8048
gentleness of spirit a,harriet esther whitehead,8048
experiences a,"david john vanacore_
kenneth douglas berry",48897
in the middle of the night,"nicolas michel alexandre raynier_
aude marjorie marie isorce",12539
nothing can stop,"jennifer gerette jordan_
geoffroy benjamin berlioz",12539
shining light,"raphael meyer_
mats rossander",12539
help is on the way,barry devorzon,12238
these are the moments,"anthony sallis_
ben bodie_
dominic marsh",48896
bring your fire,"andy powell_
dominic marsh",48896
moving forward,nick harvey,48896
onwards and upwards a,"jacob crown_
sam henry",29629
bittersweet a,"david john vanacore_
kenneth douglas berry",35188
amazing inventions a,adam paul courtenay burns,35188
concealed a,"hugo first_
peter george alexander weitz",35188
the thought a,paul edward wilkes,35188
planning the escape a,nick harvey,35188
no stone left unturned a,nick harvey,35188
my mystery a,"david gerard lawrence_
amber louise wilson",35188
longing for home a,"luciano ugo rossi_
sorren bisset maclean_
glenn herweijer_
ben sumner",35188
broken a,paul edward wilkes,35188
just a memory a,esco rivers,35188
lost soul a,paul edward wilkes,35188
gradual tension a,"esco rivers_
alex thomas",35188
emotional moments a,"esco rivers_
alex thomas",35188
a reflection a,paul edward wilkes,35188
gratitude a,paul edward wilkes,35188
stranded a,"dave randel_
skip armstrong",35188
hopeful scenes a,"alex thomas_
esco rivers",35188
human trials a,alexander john randall parsons,35188
mountain air,"nancy louise lee_
stephen green",35188
giving it up before its too late,"wilo_
kendall iris robbins_
henry roseberry_
skip armstrong",91929
takeoff 1,jonathan merrill,994